{
  "system": {
    "platform": "Linux-4.15.0-213-generic-x86_64-with-glibc2.27",
    "python_version": "3.11.13",
    "processor": "x86_64",
    "timestamp": "2025-12-02T16:32:49.317621",
    "memory_total_gb": 99.9,
    "memory_available_gb": 79.0,
    "cpu_count": 40,
    "gpus": [
      {
        "id": 0,
        "name": "GeForce RTX 2080 Ti",
        "memory_gb": 11.6,
        "compute_capability": "7.5"
      },
      {
        "id": 1,
        "name": "GeForce RTX 2080 Ti",
        "memory_gb": 11.6,
        "compute_capability": "7.5"
      }
    ],
    "git_commit": "57838a3bf5be",
    "git_branch": "master-dev"
  },
  "benchmarks": {
    "calibration": {
      "SyntheticTimeSuite": {
        "time_fft_channelization": {
          "min": 7.220621542000117,
          "max": 7.408657517999927,
          "mean": 7.314639530000022,
          "median": 7.408657517999927,
          "runs": 2
        },
        "time_matrix_solve_cpu": {
          "min": 0.23721441999987292,
          "max": 0.2550040030000673,
          "mean": 0.24610921149997012,
          "median": 0.2550040030000673,
          "runs": 2
        },
        "time_visibility_correction_cpu": {
          "min": 3.268486621000193,
          "max": 3.3602899750003417,
          "mean": 3.3143882980002672,
          "median": 3.3602899750003417,
          "runs": 2
        }
      },
      "TimeSuite": {
        "time_bandpass_solve": {
          "min": 7.870000445109326e-06,
          "max": 1.0159999874304049e-05,
          "mean": 9.015000159706688e-06,
          "median": 1.0159999874304049e-05,
          "runs": 2
        },
        "time_discover_caltables": {
          "min": 7.089000064297579e-06,
          "max": 7.223000466183294e-06,
          "mean": 7.156000265240436e-06,
          "median": 7.223000466183294e-06,
          "runs": 2
        },
        "time_gaincal_solve": {
          "min": 9.30299938772805e-06,
          "max": 1.2059000255248975e-05,
          "mean": 1.0680999821488513e-05,
          "median": 1.2059000255248975e-05,
          "runs": 2
        }
      }
    },
    "imaging": {
      "SyntheticTimeSuite": {
        "time_fft2_image": {
          "min": 0.02788037099981011,
          "max": 0.02863706900006946,
          "mean": 0.028258719999939785,
          "median": 0.02863706900006946,
          "runs": 2
        },
        "time_fft2_large_image": {
          "min": 0.5052447210000537,
          "max": 0.5147804079997513,
          "mean": 0.5100125644999025,
          "median": 0.5147804079997513,
          "runs": 2
        },
        "time_gridding_nearest_cpu": {
          "min": 0.21014701900003274,
          "max": 0.21110692999991443,
          "mean": 0.21062697449997358,
          "median": 0.21110692999991443,
          "runs": 2
        },
        "time_gridding_vectorized_cpu": {
          "min": 0.008168692000253941,
          "max": 0.009003326000311063,
          "mean": 0.008586009000282502,
          "median": 0.009003326000311063,
          "runs": 2
        }
      }
    },
    "gpu": {
      "GPUTimeSuite": {
        "time_fft2_cpu_2048": {
          "min": 0.24080940900057612,
          "max": 0.2418422130003819,
          "mean": 0.241325811000479,
          "median": 0.2418422130003819,
          "runs": 2
        },
        "time_fft2_cpu_512": {
          "min": 0.007908909999969183,
          "max": 0.010444738999467518,
          "mean": 0.00917682449971835,
          "median": 0.010444738999467518,
          "runs": 2
        },
        "time_fft2_gpu_2048": {
          "min": 0.010372877000008884,
          "max": 0.26494578999972873,
          "mean": 0.1376593334998688,
          "median": 0.26494578999972873,
          "runs": 2
        },
        "time_fft2_gpu_512": {
          "min": 0.0008681360004629823,
          "max": 0.00211273200056894,
          "mean": 0.001490434000515961,
          "median": 0.00211273200056894,
          "runs": 2
        },
        "time_matmul_cpu": {
          "min": 0.0006162209992908174,
          "max": 0.0007713770000918885,
          "mean": 0.000693798999691353,
          "median": 0.0007713770000918885,
          "runs": 2
        },
        "time_matmul_gpu": {
          "min": 0.0006275069999901461,
          "max": 1.175713550999717,
          "mean": 0.5881705289998536,
          "median": 1.175713550999717,
          "runs": 2
        },
        "time_solve_cpu": {
          "min": 0.0010601399999359273,
          "max": 0.0012665809999816702,
          "mean": 0.0011633604999587988,
          "median": 0.0012665809999816702,
          "runs": 2
        },
        "time_solve_gpu": {
          "min": 0.0021215169999777572,
          "max": 1.3567170570004237,
          "mean": 0.6794192870002007,
          "median": 1.3567170570004237,
          "runs": 2
        },
        "time_vis_correction_cpu": {
          "min": 0.014195619000020088,
          "max": 0.014281477000622544,
          "mean": 0.014238548000321316,
          "median": 0.014281477000622544,
          "runs": 2
        },
        "time_vis_correction_gpu": {
          "min": 0.0007561140000689193,
          "max": 1.522031027000594,
          "mean": 0.7613935705003314,
          "median": 1.522031027000594,
          "runs": 2
        }
      }
    },
    "conversion": {
      "SyntheticTimeSuite": {
        "time_data_transpose": {
          "min": 3.143699996144278e-05,
          "max": 3.807200027949875e-05,
          "mean": 3.4754500120470766e-05,
          "median": 3.807200027949875e-05,
          "runs": 2
        },
        "time_flag_expansion": {
          "min": 6.546500026161084e-05,
          "max": 7.374800043180585e-05,
          "mean": 6.960650034670834e-05,
          "median": 7.374800043180585e-05,
          "runs": 2
        },
        "time_uvw_computation": {
          "min": 0.005320721000316553,
          "max": 0.00538771799983806,
          "mean": 0.005354219500077306,
          "median": 0.00538771799983806,
          "runs": 2
        },
        "time_weight_normalization": {
          "min": 5.1355567290002,
          "max": 5.285089728000457,
          "mean": 5.210323228500329,
          "median": 5.285089728000457,
          "runs": 2
        }
      }
    }
  }
}