{
  "system": {
    "platform": "Linux-4.15.0-213-generic-x86_64-with-glibc2.27",
    "python_version": "3.11.13",
    "processor": "x86_64",
    "timestamp": "2025-12-02T16:36:34.116449",
    "memory_total_gb": 99.9,
    "memory_available_gb": 81.2,
    "cpu_count": 40,
    "gpus": [
      {
        "id": 0,
        "name": "GeForce RTX 2080 Ti",
        "memory_gb": 11.6,
        "compute_capability": "7.5"
      },
      {
        "id": 1,
        "name": "GeForce RTX 2080 Ti",
        "memory_gb": 11.6,
        "compute_capability": "7.5"
      }
    ],
    "git_commit": "57838a3bf5be",
    "git_branch": "master-dev"
  },
  "benchmarks": {
    "gpu": {
      "GPUTimeSuite": {
        "time_fft2_cpu_2048": {
          "min": 0.23131109499990998,
          "max": 0.2355314249998628,
          "mean": 0.23302958799977205,
          "median": 0.2322203219991934,
          "runs": 5
        },
        "time_fft2_cpu_512": {
          "min": 0.00782476000040333,
          "max": 0.01110064800013788,
          "mean": 0.008557069000016782,
          "median": 0.007967220999489655,
          "runs": 5
        },
        "time_fft2_gpu_2048": {
          "min": 0.01023436400009814,
          "max": 0.24725053100064542,
          "mean": 0.05765203180017124,
          "median": 0.010257982999974047,
          "runs": 5
        },
        "time_fft2_gpu_512": {
          "min": 0.0008067150001807022,
          "max": 0.002125873999830219,
          "mean": 0.0010786749999169842,
          "median": 0.0008249599995906465,
          "runs": 5
        },
        "time_matmul_cpu": {
          "min": 0.0006488760000138427,
          "max": 0.0009365200003230711,
          "mean": 0.0007308002001082059,
          "median": 0.0007066269999995711,
          "runs": 5
        },
        "time_matmul_gpu": {
          "min": 0.00047799100047996035,
          "max": 0.6391212799999266,
          "mean": 0.12823168680006347,
          "median": 0.0005190279998714686,
          "runs": 5
        },
        "time_solve_cpu": {
          "min": 0.0010659179997674073,
          "max": 0.0015550469997833716,
          "mean": 0.001219443799891451,
          "median": 0.001167098000223632,
          "runs": 5
        },
        "time_solve_gpu": {
          "min": 0.0016066399994087988,
          "max": 0.683998253000027,
          "mean": 0.13810960160008107,
          "median": 0.0016253350004262757,
          "runs": 5
        },
        "time_vis_correction_cpu": {
          "min": 0.013797013000839797,
          "max": 0.014401378000002296,
          "mean": 0.014175221000186866,
          "median": 0.014227712999854703,
          "runs": 5
        },
        "time_vis_correction_gpu": {
          "min": 0.0006410360001609661,
          "max": 0.004654479000237188,
          "mean": 0.0014837768001598306,
          "median": 0.0006761399999959394,
          "runs": 5
        }
      }
    }
  }
}