name,ra_str,dec_str,flux_jy,epoch
0204+152,02h04m50.413904s,"15d14'11.043460""",4.0000,J2000
0318+164,03h18m57.802658s,"16d28'32.698500""",7.8100,J2000
0521+166,05h21m09.886021s,"16d38'22.051220""",8.4700,J2000
2253+161,22h53m57.747932s,"16d08'53.560890""",10.0000,J2000
